engine,date,puzzle_elo,puzzle_count,source_file
C0BR4,2025-09-01,1208.3333333333333,3,c0br4_puzzle_analysis_20250901_224356.json
C0BR4,2025-09-01,1308.2,10,c0br4_puzzle_analysis_20250901_224510.json
C0BR4,2025-09-02,1287.26,50,c0br4_puzzle_analysis_20250902_085418.json
C0BR4,2025-09-02,1212.2,10,c0br4_puzzle_analysis_20250902_133327.json
C0BR4,2025-09-02,1208.3333333333333,3,c0br4_puzzle_analysis_20250902_154751.json
C0BR4,2025-09-02,965.3673469387754,49,c0br4_puzzle_analysis_20250902_155207.json
C0BR4,2025-09-02,1788.2,10,c0br4_puzzle_analysis_20250902_160148.json
C0BR4,2025-09-02,1709.43,100,c0br4_puzzle_analysis_20250902_161151.json
V7P3R,2025-08-29,1718.5211267605632,71,v7p3r_puzzle_analysis_20250829_113929.json
V7P3R,2025-08-31,1718.5211267605632,71,v7p3r_puzzle_analysis_20250831_110705.json
V7P3R,2025-08-31,1933.6022727272725,88,v7p3r_puzzle_analysis_20250831_123721.json
