date,winning_engine,color,termination,plycount
2025-08-12,SlowMate,black,normal,26
2025-08-12,SlowMate,black,normal,132
2025-09-01,V7P3R,black,normal,88
2025-09-02,SlowMate,black,normal,217
2025-09-05,V7P3R,white,normal,29
2025-09-05,C0BR4,white,normal,53
2025-09-05,V7P3R,white,normal,99
2025-09-05,C0BR4,black,normal,240
2025-09-05,SlowMate,black,normal,77
2025-09-05,C0BR4,white,normal,101
2025-09-05,C0BR4,white,normal,53
2025-09-05,C0BR4,black,normal,118
2025-09-05,V7P3R,black,normal,58
2025-09-05,C0BR4,black,normal,246
2025-09-06,V7P3R,white,normal,97
2025-09-06,V7P3R,white,normal,65
2025-09-06,C0BR4,black,normal,142
2025-09-06,C0BR4,white,normal,97
