date,engine,win_rate,games_played,estimated_elo,puzzle_elo,game_elo,stockfish_wins
2025-07-20,SlowMate,0.8981818181818182,550,1738.909090909091,,1738.909090909091,0
2025-07-21,SlowMate,0.9428571428571428,280,1768.7142857142858,,1768.7142857142858,0
2025-07-22,SlowMate,0.9634146341463414,82,1784.0487804878048,,1784.0487804878048,0
2025-07-28,SlowMate,0.9339622641509434,106,1784.3773584905662,,1784.3773584905662,0
2025-08-03,SlowMate,0.3333333333333333,3,1442.0,,1442.0,0
2025-08-06,SlowMate,0.5,22,1551.0,,1551.0,0
2025-08-07,SlowMate,0.4230769230769231,52,1507.8461538461538,,1507.8461538461538,0
2025-08-08,SlowMate,0.8494749124854143,857,1766.6849474912485,,1766.6849474912485,0
2025-08-09,V7P3R,0.4492753623188406,69,1529.5652173913045,,1529.5652173913045,0
2025-08-09,SlowMate,0.7940074906367042,267,1736.4044943820224,,1736.4044943820224,0
2025-08-10,V7P3R,0.30708661417322836,127,1447.251968503937,,1447.251968503937,0
2025-08-10,SlowMate,0.7459677419354839,248,1710.5806451612902,,1710.5806451612902,0
2025-08-11,V7P3R,0.23076923076923078,260,1404.4615384615386,,1404.4615384615386,0
2025-08-11,SlowMate,0.7515463917525773,970,1716.9278350515465,,1716.9278350515465,0
2025-08-12,V7P3R,0.2184873949579832,238,1400.09243697479,,1400.09243697479,0
2025-08-12,SlowMate,0.7047872340425532,376,1991.872340425532,,1691.872340425532,2
2025-08-13,V7P3R,0.32075471698113206,159,1464.4528301886792,,1464.4528301886792,0
2025-08-13,SlowMate,0.7182741116751269,394,1702.9644670050761,,1702.9644670050761,0
2025-08-14,V7P3R,0.43214285714285716,280,1534.2857142857142,,1534.2857142857142,0
2025-08-14,SlowMate,0.7466666666666667,150,1723.0,,1723.0,0
2025-08-15,V7P3R,0.45244956772334294,694,1549.4697406340058,,1549.4697406340058,0
2025-08-15,SlowMate,0.7123893805309734,904,1705.433628318584,,1705.433628318584,0
2025-08-16,V7P3R,0.6827956989247311,186,1690.6774193548385,,1690.6774193548385,0
2025-08-16,SlowMate,0.7439759036144579,332,1727.3855421686746,,1727.3855421686746,0
2025-08-17,V7P3R,0.3953488372093023,344,1521.2093023255813,,1521.2093023255813,0
2025-08-17,SlowMate,0.68,400,1692.0,,1692.0,0
2025-08-17,C0BR4,0.3,110,1464.0,,1464.0,0
2025-08-18,V7P3R,0.5303867403314917,543,1605.232044198895,,1605.232044198895,0
2025-08-18,SlowMate,0.7335766423357665,274,1727.14598540146,,1727.14598540146,0
2025-08-18,C0BR4,0.42063492063492064,378,1539.3809523809523,,1539.3809523809523,0
2025-08-19,V7P3R,0.6428571428571429,70,1675.7142857142858,,1675.7142857142858,0
2025-08-19,SlowMate,0.45,40,1560.0,,1560.0,0
2025-08-19,C0BR4,0.275,40,1455.0,,1455.0,0
2025-08-20,V7P3R,0.5,142,1593.0,,1593.0,0
2025-08-20,SlowMate,0.35911602209944754,181,1508.4696132596684,,1508.4696132596684,0
2025-08-20,C0BR4,0.3153846153846154,130,1482.2307692307693,,1482.2307692307693,0
2025-08-21,V7P3R,0.4273743016759777,358,1552.4245810055866,,1552.4245810055866,0
2025-08-21,SlowMate,0.46130952380952384,336,1572.7857142857142,,1572.7857142857142,0
2025-08-21,C0BR4,0.4222222222222222,90,1549.3333333333333,,1549.3333333333333,0
2025-08-22,V7P3R,0.4233128834355828,163,1552.9877300613498,,1552.9877300613498,0
2025-08-22,SlowMate,0.6014492753623188,138,1659.8695652173913,,1659.8695652173913,0
2025-08-22,C0BR4,0.5681818181818182,88,1639.909090909091,,1639.909090909091,0
2025-08-23,V7P3R,0.6083916083916084,143,1667.0349650349651,,1667.0349650349651,0
2025-08-23,SlowMate,0.5542168674698795,83,1634.5301204819277,,1634.5301204819277,0
2025-08-23,C0BR4,0.2676056338028169,142,1462.5633802816901,,1462.5633802816901,0
2025-08-24,V7P3R,0.43137254901960786,51,1563.8235294117646,,1563.8235294117646,0
2025-08-24,SlowMate,0.23076923076923078,52,1443.4615384615386,,1443.4615384615386,0
2025-08-24,C0BR4,0.2549019607843137,51,1457.9411764705883,,1457.9411764705883,0
2025-08-25,V7P3R,0.6111111111111112,90,1674.6666666666667,,1674.6666666666667,0
2025-08-25,SlowMate,0.2549019607843137,51,1460.9411764705883,,1460.9411764705883,0
2025-08-25,C0BR4,0.12,50,1380.0,,1380.0,0
2025-08-26,V7P3R,0.575,40,1656.0,,1656.0,0
2025-08-26,SlowMate,0.425,40,1566.0,,1566.0,0
2025-08-26,C0BR4,0.2,90,1431.0,,1431.0,0
2025-08-27,V7P3R,0.72,100,1746.0,,1746.0,0
2025-08-27,SlowMate,0.2,40,1434.0,,1434.0,0
2025-08-27,C0BR4,0.1375,80,1396.5,,1396.5,0
2025-08-28,V7P3R,0.425,40,1572.0,,1572.0,0
2025-08-28,SlowMate,0.45,40,1587.0,,1587.0,0
2025-08-28,C0BR4,0.3,40,1497.0,,1497.0,0
2025-08-29,V7P3R,0.6726190476190477,168,1718.5211267605632,1718.5211267605632,1723.5714285714287,0
2025-08-29,SlowMate,0.5569620253164557,79,1654.1772151898733,,1654.1772151898733,0
2025-08-29,C0BR4,0.4050632911392405,79,1563.0379746835442,,1563.0379746835442,0
2025-08-30,V7P3R,0.5285714285714286,140,1640.142857142857,,1640.142857142857,0
2025-08-30,SlowMate,0.78,50,1791.0,,1791.0,0
2025-08-30,C0BR4,0.52,50,1635.0,,1635.0,0
2025-08-31,V7P3R,0.7,100,1718.5211267605632,1718.5211267605632,1746.0,0
2025-08-31,SlowMate,0.35,40,1536.0,,1536.0,0
2025-08-31,C0BR4,0.2,50,1446.0,,1446.0,0
2025-09-01,V7P3R,0.65,80,1869.0,,1719.0,1
2025-09-01,SlowMate,0.4625,80,1606.5,,1606.5,0
2025-09-01,C0BR4,0.0,80,1208.3333333333333,1208.3333333333333,1329.0,0
2025-09-02,V7P3R,0.45,80,1602.0,,1602.0,0
2025-09-02,SlowMate,0.3,80,1662.0,,1512.0,1
2025-09-02,C0BR4,0.225,80,1287.26,1287.26,1467.0,0
2025-09-04,V7P3R,0.16666666666666666,18,1438.0,,1438.0,0
2025-09-04,SlowMate,0.1111111111111111,18,1404.6666666666667,,1404.6666666666667,0
2025-09-04,C0BR4,0.4444444444444444,18,1604.6666666666665,,1604.6666666666665,0
2025-09-05,V7P3R,0.2529411764705882,340,1942.764705882353,,1492.764705882353,3
2025-09-05,SlowMate,0.15294117647058825,340,1582.764705882353,,1432.764705882353,1
2025-09-05,C0BR4,0.4909090909090909,330,2535.5454545454545,,1635.5454545454545,6
2025-09-06,V7P3R,0.425,40,1899.0,,1599.0,2
2025-09-06,SlowMate,0.275,40,1509.0,,1509.0,0
2025-09-06,C0BR4,0.5,40,1944.0,,1644.0,2
